project_name,input_urls
ruby_jard-v0.3.1,"https://github.com/0x2c7/ruby_jard/archive/refs/tags/v0.3.1.zip#from,https://github.com/0x2c7/ruby_jard/releases/download/v0.3.1/ruby_jard-0.3.1.gem#to"
aws-sdk-core-ruby-v2.0.21,"https://github.com/amazon-archives/aws-sdk-core-ruby/archive/refs/tags/v2.0.21.zip#from,https://github.com/amazon-archives/aws-sdk-core-ruby/releases/download/v2.0.21/aws-sdk-2.0.21.pre.gem#to"
avo-v2.53.0,"https://github.com/avo-hq/avo/archive/refs/tags/v2.53.0.zip#from,https://github.com/avo-hq/avo/releases/download/v2.53.0/avo-2.53.0.gem#to"
awesome_print-v1.9.2,"https://github.com/awesome-print/awesome_print/archive/refs/tags/v1.9.2.zip#from,https://github.com/awesome-print/awesome_print/releases/download/v1.9.2/awesome_print-1.9.2.gem#to"
aws-record-ruby-v2.13.2,"https://github.com/aws/aws-record-ruby/archive/refs/tags/v2.13.2.zip#from,https://github.com/aws/aws-record-ruby/releases/download/v2.13.2/aws-record-2.13.2.gem#to"
aws-sdk-rails-v5.1.0,"https://github.com/aws/aws-sdk-rails/archive/refs/tags/v5.1.0.zip#from,https://github.com/aws/aws-sdk-rails/releases/download/v5.1.0/aws-sdk-rails-5.1.0.gem#to"
aws-sdk-ruby-v2.11.632,"https://github.com/aws/aws-sdk-ruby/archive/refs/tags/v2.11.632.zip#from,https://github.com/aws/aws-sdk-ruby/releases/download/v2.11.632/aws-sdk-2.11.632.gem#to"
riak-ruby-client-v2.6.0,"https://github.com/basho/riak-ruby-client/archive/refs/tags/v2.6.0.zip#from,https://github.com/basho/riak-ruby-client/releases/download/v2.6.0/riak-client-2.6.0.gem#to"
bcrypt-ruby-v3.1.6,"https://github.com/bcrypt-ruby/bcrypt-ruby/archive/refs/tags/v3.1.6.zip#from,https://github.com/bcrypt-ruby/bcrypt-ruby/releases/download/v3.1.6/bcrypt-3.1.6-java.gem#to"
ruby-client-v2.4.4,"https://github.com/bitpay/ruby-client/archive/refs/tags/v2.4.4.zip#from,https://github.com/bitpay/ruby-client/releases/download/v2.4.4/bitpay-sdk-2.4.4.gem#to"
dotenv-v2.7.6,"https://github.com/bkeepers/dotenv/archive/refs/tags/v2.7.6.zip#from,https://github.com/bkeepers/dotenv/releases/download/v2.7.6/dotenv-2.7.6.gem#to"
dd-trace-rb-v2.8.0,"https://github.com/DataDog/dd-trace-rb/archive/refs/tags/v2.8.0.zip#from,https://github.com/DataDog/dd-trace-rb/releases/download/v2.8.0/datadog-2.8.0.gem#to"
api-pagination-v6.0.0,"https://github.com/davidcelis/api-pagination/archive/refs/tags/v6.0.0.zip#from,https://github.com/davidcelis/api-pagination/releases/download/v6.0.0/api-pagination-6.0.0.gem#to"
recommendable-v2.2.2,"https://github.com/davidcelis/recommendable/archive/refs/tags/v2.2.2.zip#from,https://github.com/davidcelis/recommendable/releases/download/v2.2.2/recommendable-2.2.2.gem#to"
sidekiq-limit_fetch-v4.4.1,"https://github.com/deanpcmad/sidekiq-limit_fetch/archive/refs/tags/v4.4.1.zip#from,https://github.com/deanpcmad/sidekiq-limit_fetch/releases/download/v4.4.1/sidekiq-limit_fetch-4.4.1.gem#to"
discordrb-v3.3.0,"https://github.com/discordrb/discordrb/archive/refs/tags/v3.3.0.zip#from,https://github.com/discordrb/discordrb/releases/download/v3.3.0/discordrb-3.3.0.gem#to"
mini_mime-v1.1.5,"https://github.com/discourse/mini_mime/archive/refs/tags/v1.1.5.zip#from,https://rubygems.org/downloads/mini_mime-1.1.5.gem#to"
draper-v4.0.3,"https://github.com/drapergem/draper/archive/refs/tags/v4.0.3.zip#from,https://github.com/drapergem/draper/releases/download/v4.0.3/draper-4.0.3.gem#to"
easypost-ruby-v6.4.1,"https://github.com/EasyPost/easypost-ruby/archive/refs/tags/v6.4.1.zip#from,https://github.com/EasyPost/easypost-ruby/releases/download/v6.4.1/easypost-6.4.1.gem#to"
RubyTree-R2.0.3,"https://github.com/evolve75/RubyTree/archive/refs/tags/R2.0.3.zip#from,https://github.com/evolve75/RubyTree/releases/download/R2.0.3/rubytree-2.0.3.gem#to"
fastlane-2.226.0,"https://github.com/fastlane/fastlane/archive/refs/tags/2.226.0.zip#from,https://github.com/fastlane/fastlane/releases/download/2.226.0/fastlane-2.226.0.gem#to"
fastly-ruby-release/v9.0.0,"https://github.com/fastly/fastly-ruby/archive/refs/tags/release/v9.0.0.zip#from,https://github.com/fastly/fastly-ruby/releases/download/release/v9.0.0/fastly-9.0.0.gem#to"
ffi-v1.17.0,"https://github.com/ffi/ffi/archive/refs/tags/v1.17.0.zip#from,https://rubygems.org/downloads/ffi-1.17.0.gem#to"
filewatcher-v0.1.9,"https://github.com/filewatcher/filewatcher/archive/refs/tags/v0.1.9.zip#from,https://github.com/filewatcher/filewatcher/releases/download/v0.1.9/filewatcher-0.1.9.gem#to"
sentry-ruby-5.22.1,"https://github.com/getsentry/sentry-ruby/archive/refs/tags/5.22.1.zip#from,https://github.com/getsentry/sentry-ruby/releases/download/5.22.1/sentry-delayed_job-5.22.1.gem#to"
rubocop-github-v0.19.0,"https://github.com/github/rubocop-github/archive/refs/tags/v0.19.0.zip#from,https://github.com/github/rubocop-github/releases/download/v0.19.0/rubocop-github-0.19.0.gem#to"
google-api-ads-ruby-ad_manager_api-3.3.0,"https://github.com/googleads/google-api-ads-ruby/archive/refs/tags/ad_manager_api-3.3.0.zip#from,https://github.com/googleads/google-api-ads-ruby/releases/download/ad_manager_api-3.3.0/google-dfp-api-3.3.0.gem#to"
XSpear-1.4.1,"https://github.com/hahwul/XSpear/archive/refs/tags/1.4.1.zip#from,https://github.com/hahwul/XSpear/releases/download/1.4.1/XSpear-1.4.1.gem#to"
diff-lcs-v1.5.1,"https://github.com/halostatue/diff-lcs/archive/refs/tags/v1.5.1.zip#from,https://rubygems.org/downloads/diff-lcs-1.5.1.gem#to"
vagrant-2.4.4.dev+000330-216835c0,"https://github.com/hashicorp/vagrant/archive/refs/tags/2.4.4.dev+000330-216835c0.zip#from,https://github.com/hashicorp/vagrant/releases/download/2.4.4.dev%2B000330-216835c0/vagrant-2.4.4.dev.gem#to"
holidays-v8.6.0,"https://github.com/holidays/holidays/archive/refs/tags/v8.6.0.zip#from,https://github.com/holidays/holidays/releases/download/v8.6.0/holidays-8.6.0.gem#to"
multi_json-v1.15.0,"https://github.com/intridea/multi_json/archive/refs/tags/v1.15.0.zip#from,https://rubygems.org/downloads/multi_json-1.15.0.gem#to"
unicode-display_width-v3.1.2,"https://github.com/janlelis/unicode-display_width/archive/refs/tags/v3.1.2.zip#from,https://rubygems.org/downloads/unicode-display_width-3.1.2.gem#to"
tilt-v2.4.0,"https://github.com/jeremyevans/tilt/archive/refs/tags/v2.4.0.zip#from,https://rubygems.org/downloads/tilt-2.4.0.gem#to"
jmespath.rb-v1.6.2,"https://github.com/jmespath/jmespath.rb/archive/refs/tags/v1.6.2.zip#from,https://rubygems.org/downloads/jmespath-1.6.2.gem#to"
jsonapi-serializer-v1.7.2,"https://github.com/jsonapi-serializer/jsonapi-serializer/archive/refs/tags/v1.7.2.zip#from,https://github.com/jsonapi-serializer/jsonapi-serializer/releases/download/v1.7.2/fast_jsonapi-1.7.2.gem#to"
ruby-jwt-v2.9.3,"https://github.com/jwt/ruby-jwt/archive/refs/tags/v2.9.3.zip#from,https://rubygems.org/downloads/jwt-2.9.3.gem#to"
kontena-v1.5.2,"https://github.com/kontena/kontena/archive/refs/tags/v1.5.2.zip#from,https://github.com/kontena/kontena/releases/download/v1.5.2/kontena-cli-1.5.2.gem#to"
ruby-oci8-ruby-oci8-2.2.13,"https://github.com/kubo/ruby-oci8/archive/refs/tags/ruby-oci8-2.2.13.zip#from,https://github.com/kubo/ruby-oci8/releases/download/ruby-oci8-2.2.13/ruby-oci8-2.2.13-x64-mingw-ucrt.gem#to"
ocra-1.3.4,"https://github.com/larsch/ocra/archive/refs/tags/1.3.4.zip#from,https://github.com/larsch/ocra/releases/download/1.3.4/ocra-1.3.4.gem#to"
ruby-v1.5.0,"https://github.com/logdna/ruby/archive/refs/tags/v1.5.0.zip#from,https://github.com/logdna/ruby/releases/download/v1.5.0/logdna-1.5.0.gem#to"
faraday-v2.12.2,"https://github.com/lostisland/faraday/archive/refs/tags/v2.12.2.zip#from,https://rubygems.org/downloads/faraday-2.12.2.gem#to"
mail-2.8.1,"https://github.com/mikel/mail/archive/refs/tags/2.8.1.zip#from,https://rubygems.org/downloads/mail-2.8.1.gem#to"
mime-types-data-v3.2024.1203,"https://github.com/mime-types/mime-types-data/archive/refs/tags/v3.2024.1203.zip#from,https://rubygems.org/downloads/mime-types-data-3.2024.1203.gem#to"
ruby-mime-types-v3.6.0,"https://github.com/mime-types/ruby-mime-types/archive/refs/tags/v3.6.0.zip#from,https://rubygems.org/downloads/mime-types-3.6.0.gem#to"
minitest-v5.25.4,"https://github.com/minitest/minitest/archive/refs/tags/v5.25.4.zip#from,https://rubygems.org/downloads/minitest-5.25.4.gem#to"
bson-ruby-v5.0.2,"https://github.com/mongodb/bson-ruby/archive/refs/tags/v5.0.2.zip#from,https://github.com/mongodb/bson-ruby/releases/download/v5.0.2/bson-5.0.2-java.gem#to"
mongoid-v9.0.3,"https://github.com/mongodb/mongoid/archive/refs/tags/v9.0.3.zip#from,https://github.com/mongodb/mongoid/releases/download/v9.0.3/mongoid-9.0.3.gem#to"
mongo-ruby-driver-v2.21.0,"https://github.com/mongodb/mongo-ruby-driver/archive/refs/tags/v2.21.0.zip#from,https://github.com/mongodb/mongo-ruby-driver/releases/download/v2.21.0/mongo-2.21.0.gem#to"
tinyspline-v0.6.0,"https://github.com/msteinbeck/tinyspline/archive/refs/tags/v0.6.0.zip#from,https://github.com/msteinbeck/tinyspline/releases/download/v0.6.0/tinyspline-0.6.0-x64-mingw32.gem#to"
ruby-mqtt-v0.6.0,"https://github.com/njh/ruby-mqtt/archive/refs/tags/v0.6.0.zip#from,https://github.com/njh/ruby-mqtt/releases/download/v0.6.0/mqtt-0.6.0.gem#to"
OpenTok-Ruby-SDK-v3.1.0,"https://github.com/opentok/OpenTok-Ruby-SDK/archive/refs/tags/v3.1.0.zip#from,https://github.com/opentok/OpenTok-Ruby-SDK/releases/download/v3.1.0/opentok-3.1.0.gem#to"
camaleon-cms-2.8.3,"https://github.com/owen2345/camaleon-cms/archive/refs/tags/2.8.3.zip#from,https://github.com/owen2345/camaleon-cms/releases/download/2.8.3/camaleon_cms-2.8.3.gem#to"
passenger-release-6.0.24,"https://github.com/phusion/passenger/archive/refs/tags/release-6.0.24.zip#from,https://github.com/phusion/passenger/releases/download/release-6.0.24/passenger-6.0.24.gem#to"
crono-v2.0.1,"https://github.com/plashchynski/crono/archive/refs/tags/v2.0.1.zip#from,https://github.com/plashchynski/crono/releases/download/v2.0.1/crono-2.0.1.gem#to"
ruby-nmap-v1.0.3,"https://github.com/postmodern/ruby-nmap/archive/refs/tags/v1.0.3.zip#from,https://github.com/postmodern/ruby-nmap/releases/download/v1.0.3/ruby-nmap-1.0.3.gem#to"
ruby-v5.3.5,"https://github.com/pubnub/ruby/archive/refs/tags/v5.3.5.zip#from,https://github.com/pubnub/ruby/releases/download/v5.3.5/pubnub-5.3.5.gem#to"
rack-v3.1.8,"https://github.com/rack/rack/archive/refs/tags/v3.1.8.zip#from,https://rubygems.org/downloads/rack-3.1.8.gem#to"
rack-test-v2.1.0,"https://github.com/rack/rack-test/archive/refs/tags/v2.1.0.zip#from,https://rubygems.org/downloads/rack-test-2.1.0.gem#to"
builder-v3.3.0,"https://github.com/rails/builder/archive/refs/tags/v3.3.0.zip#from,https://rubygems.org/downloads/builder-3.3.0.gem#to"
rails-v8.0.1,"https://github.com/rails/rails/archive/refs/tags/v8.0.1.zip#from,https://rubygems.org/downloads/activesupport-8.0.1.gem#to"
thor-v1.3.2,"https://github.com/rails/thor/archive/refs/tags/v1.3.2.zip#from,https://rubygems.org/downloads/thor-1.3.2.gem#to"
tiny_tds-v2.1.7,"https://github.com/rails-sqlserver/tiny_tds/archive/refs/tags/v2.1.7.zip#from,https://github.com/rails-sqlserver/tiny_tds/releases/download/v2.1.7/tiny_tds-2.1.7-x64-mingw-ucrt.gem#to"
jekyll_picture_tag-v1.14.0,"https://github.com/rbuchberger/jekyll_picture_tag/archive/refs/tags/v1.14.0.zip#from,https://github.com/rbuchberger/jekyll_picture_tag/releases/download/v1.14.0/jekyll_picture_tag-1.14.0.gem#to"
ronin-v2.1.0,"https://github.com/ronin-rb/ronin/archive/refs/tags/v2.1.0.zip#from,https://github.com/ronin-rb/ronin/releases/download/v2.1.0/ronin-2.1.0.gem#to"
rspec-rspec-support-v3.13.2,"https://github.com/rspec/rspec/archive/refs/tags/rspec-support-v3.13.2.zip#from,https://rubygems.org/downloads/rspec-support-3.13.2.gem#to"
rspec-core-v3.13.2,"https://github.com/rspec/rspec-core/archive/refs/tags/v3.13.2.zip#from,https://rubygems.org/downloads/rspec-core-3.13.2.gem#to"
rspec-expectations-v3.13.3,"https://github.com/rspec/rspec-expectations/archive/refs/tags/v3.13.3.zip#from,https://rubygems.org/downloads/rspec-expectations-3.13.3.gem#to"
rspec-metagem-v3.13.0,"https://github.com/rspec/rspec-metagem/archive/refs/tags/v3.13.0.zip#from,https://rubygems.org/downloads/rspec-3.13.0.gem#to"
rspec-mocks-v3.13.2,"https://github.com/rspec/rspec-mocks/archive/refs/tags/v3.13.2.zip#from,https://rubygems.org/downloads/rspec-mocks-3.13.2.gem#to"
json-v2.9.0,"https://github.com/ruby/json/archive/refs/tags/v2.9.0.zip#from,https://rubygems.org/downloads/json-2.9.0.gem#to"
rake-v13.2.1,"https://github.com/ruby/rake/archive/refs/tags/v13.2.1.zip#from,https://rubygems.org/downloads/rake-13.2.1.gem#to"
concurrent-ruby-v1.3.4,"https://github.com/ruby-concurrency/concurrent-ruby/archive/refs/tags/v1.3.4.zip#from,https://rubygems.org/downloads/concurrent-ruby-1.3.4.gem#to"
thread_safe-v0.3.6,"https://github.com/ruby-concurrency/thread_safe/archive/refs/tags/v0.3.6.zip#from,https://rubygems.org/downloads/thread_safe-0.3.6.gem#to"
i18n-v1.14.6,"https://github.com/ruby-i18n/i18n/archive/refs/tags/v1.14.6.zip#from,https://rubygems.org/downloads/i18n-1.14.6.gem#to"
ruby-net-ldap-v0.19.0,"https://github.com/ruby-ldap/ruby-net-ldap/archive/refs/tags/v0.19.0.zip#from,https://github.com/ruby-ldap/ruby-net-ldap/releases/download/v0.19.0/net-ldap-0.19.0.gem#to"
ruby-openstack-v3.3.8,"https://github.com/ruby-openstack/ruby-openstack/archive/refs/tags/v3.3.8.zip#from,https://github.com/ruby-openstack/ruby-openstack/releases/download/v3.3.8/openstack-3.3.8.gem#to"
bundler-audit-v0.9.2,"https://github.com/rubysec/bundler-audit/archive/refs/tags/v0.9.2.zip#from,https://github.com/rubysec/bundler-audit/releases/download/v0.9.2/bundler-audit-0.9.2.gem#to"
rubyzip-v2.3.2,"https://github.com/rubyzip/rubyzip/archive/refs/tags/v2.3.2.zip#from,https://rubygems.org/downloads/rubyzip-2.3.2.gem#to"
daru-v0.2.1,"https://github.com/SciRuby/daru/archive/refs/tags/v0.2.1.zip#from,https://github.com/SciRuby/daru/releases/download/v0.2.1/daru-0.2.1.gem#to"
iruby-v0.2.9,"https://github.com/SciRuby/iruby/archive/refs/tags/v0.2.9.zip#from,https://github.com/SciRuby/iruby/releases/download/v0.2.9/iruby-0.2.9.gem#to"
discordrb-v3.5.0,"https://github.com/shardlab/discordrb/archive/refs/tags/v3.5.0.zip#from,https://github.com/shardlab/discordrb/releases/download/v3.5.0/discordrb-3.5.0.gem#to"
dashing-v1.3.1,"https://github.com/Shopify/dashing/archive/refs/tags/v1.3.1.zip#from,https://github.com/Shopify/dashing/releases/download/v1.3.1/dashing-1.3.1.gem#to"
semian-v0.21.1,"https://github.com/Shopify/semian/archive/refs/tags/v0.21.1.zip#from,https://github.com/Shopify/semian/releases/download/v0.21.1/semian-0.21.1.gem#to"
sidekiq-cron-v1.3.0,"https://github.com/sidekiq-cron/sidekiq-cron/archive/refs/tags/v1.3.0.zip#from,https://github.com/sidekiq-cron/sidekiq-cron/releases/download/v1.3.0/sidekiq-cron-1.3.0.gem#to"
mailcatcher-v0.10.0,"https://github.com/sj26/mailcatcher/archive/refs/tags/v0.10.0.zip#from,https://github.com/sj26/mailcatcher/releases/download/v0.10.0/mailcatcher-0.10.0.gem#to"
multipart-post-v2.4.1,"https://github.com/socketry/multipart-post/archive/refs/tags/v2.4.1.zip#from,https://rubygems.org/downloads/multipart-post-2.4.1.gem#to"
sorbet-0.5.11702.20241217131246-3116f7c1c,"https://github.com/sorbet/sorbet/archive/refs/tags/0.5.11702.20241217131246-3116f7c1c.zip#from,https://github.com/sorbet/sorbet/releases/download/0.5.11702.20241217131246-3116f7c1c/sorbet-0.5.11702.gem#to"
nokogiri-v1.17.2,"https://github.com/sparklemotion/nokogiri/archive/refs/tags/v1.17.2.zip#from,https://rubygems.org/downloads/nokogiri-1.17.2.gem#to"
addressable-addressable-2.8.7,"https://github.com/sporkmonger/addressable/archive/refs/tags/addressable-2.8.7.zip#from,https://rubygems.org/downloads/addressable-2.8.7.gem#to"
clearance-v2.3.0,"https://github.com/thoughtbot/clearance/archive/refs/tags/v2.3.0.zip#from,https://github.com/thoughtbot/clearance/releases/download/v2.3.0/clearance-2.3.0.gem#to"
factory_bot-v6.4.6,"https://github.com/thoughtbot/factory_bot/archive/refs/tags/v6.4.6.zip#from,https://github.com/thoughtbot/factory_bot/releases/download/v6.4.6/factory_bot-6.4.6.gem#to"
Ceedling-1.0.0-13d0e3d,"https://github.com/ThrowTheSwitch/Ceedling/archive/refs/tags/1.0.0-13d0e3d.zip#from,https://github.com/ThrowTheSwitch/Ceedling/releases/download/1.0.0-13d0e3d/ceedling-1.0.0-13d0e3d.gem#to"
daemons-v1.4.1,"https://github.com/thuehlinger/daemons/archive/refs/tags/v1.4.1.zip#from,https://github.com/thuehlinger/daemons/releases/download/v1.4.1/daemons-1.4.1.gem#to"
tzinfo-v2.0.6,"https://github.com/tzinfo/tzinfo/archive/refs/tags/v2.0.6.zip#from,https://rubygems.org/downloads/tzinfo-2.0.6.gem#to"
rbvmomi-v1.8.2,"https://github.com/vmware-archive/rbvmomi/archive/refs/tags/v1.8.2.zip#from,https://github.com/vmware-archive/rbvmomi/releases/download/v1.8.2/rbvmomi-1.8.2.gem#to"
publicsuffix-ruby-v6.0.1,"https://github.com/weppos/publicsuffix-ruby/archive/refs/tags/v6.0.1.zip#from,https://rubygems.org/downloads/public_suffix-6.0.1.gem#to"
yabeda-v0.13.1,"https://github.com/yabeda-rb/yabeda/archive/refs/tags/v0.13.1.zip#from,https://github.com/yabeda-rb/yabeda/releases/download/v0.13.1/yabeda-0.13.1.gem#to"
circuitbox-v2.0.0,"https://github.com/yammer/circuitbox/archive/refs/tags/v2.0.0.zip#from,https://github.com/yammer/circuitbox/releases/download/v2.0.0/circuitbox-2.0.0.gem#to"
ruby-lint-2.0.3,"https://github.com/yorickpeterse/ruby-lint/archive/refs/tags/2.0.3.zip#from,https://github.com/yorickpeterse/ruby-lint/releases/download/2.0.3/ruby-lint-2.0.3.gem#to"